ens_id,E,time,sequence
0,-14.461197504358854,5.8158158158158155,"[7, 1, 19, 10, 16, 11, 6, 4, 7, 16, 7, 7, 10, 10, 0, 1, 17, 10, 8, 0]"
0,-13.26558375964868,5.895895895895896,"[0, 17, 0, 15, 2, 13, 15, 12, 7, 14, 15, 5, 18, 7, 0, 0, 7, 3, 5, 0]"
0,-14.467857038985985,5.465465465465465,"[14, 5, 0, 15, 0, 11, 18, 19, 5, 14, 14, 8, 7, 1, 0, 8, 4, 16, 18, 11]"
0,-13.510318303711454,5.895895895895896,"[14, 10, 19, 14, 19, 14, 4, 5, 17, 13, 16, 18, 19, 16, 0, 4, 3, 17, 13, 11]"
0,-13.883017142956367,5.7857857857857855,"[14, 18, 0, 3, 19, 5, 6, 15, 14, 13, 0, 19, 16, 17, 0, 13, 11, 4, 17, 19]"
0,-14.647674120288102,5.625625625625625,"[14, 18, 0, 12, 6, 12, 4, 5, 7, 13, 11, 19, 15, 3, 0, 9, 9, 18, 11, 19]"
0,-14.21142149373631,5.7257257257257255,"[11, 9, 0, 14, 11, 2, 14, 12, 11, 16, 0, 11, 10, 16, 0, 6, 18, 19, 2, 0]"
0,-14.69939341170592,5.555555555555555,"[2, 10, 0, 14, 2, 11, 17, 1, 16, 14, 16, 7, 10, 13, 9, 19, 4, 10, 4, 19]"
0,-13.854075415413455,5.635635635635635,"[13, 8, 19, 14, 19, 5, 10, 12, 12, 19, 11, 11, 7, 10, 11, 9, 0, 4, 0, 11]"
0,-14.82300662022879,4.914914914914915,"[13, 10, 11, 3, 4, 12, 10, 9, 18, 16, 2, 11, 7, 1, 19, 1, 12, 0, 6, 0]"
0,-13.915519585372472,5.255255255255255,"[16, 1, 0, 2, 19, 5, 14, 17, 9, 0, 16, 7, 4, 10, 0, 19, 7, 9, 4, 0]"
