ens_id,E,time,sequence,n
0,-13.776537655719643,5.715715715715716,"[14, 0, 9, 18, 9, 12, 16, 17, 10, 3, 6, 7, 10, 10, 0, 0, 9, 19, 7, 19]",695
0,-14.16003721570235,5.7857857857857855,"[3, 10, 0, 12, 8, 17, 13, 11, 0, 3, 13, 7, 7, 14, 0, 1, 3, 10, 14, 0]",570
0,-15.279927415492567,4.504504504504505,"[19, 10, 0, 3, 0, 12, 4, 19, 14, 4, 15, 1, 10, 1, 0, 13, 1, 0, 17, 1]",7464
