ens_id,E,time,sequence,n
0,-14.248382364422406,5.565565565565565,"[13, 10, 0, 16, 0, 9, 10, 3, 10, 19, 19, 4, 10, 4, 9, 1, 17, 18, 11, 19]",3871
