ens_id,E,time,sequence
0,-14.712912237165032,4.904904904904905,"[18, 9, 0, 0, 0, 12, 2, 19, 15, 13, 13, 7, 19, 10, 0, 17, 17, 18, 15, 5]"
