ens_id,E,time,sequence,n
0,-13.938504023223112,5.855855855855856,"[14, 10, 0, 14, 4, 12, 7, 11, 6, 18, 6, 7, 7, 10, 18, 3, 4, 16, 8, 19]",1361
0,-15.29830232626289,5.215215215215215,"[16, 10, 9, 14, 19, 12, 13, 1, 15, 13, 15, 17, 15, 10, 11, 12, 1, 19, 3, 0]",4923
