ens_id,E,time,sequence
0,-14.812715146461095,5.325325325325325,"[13, 6, 19, 14, 4, 12, 13, 6, 16, 7, 2, 5, 8, 10, 11, 1, 5, 19, 9, 0]"
