ens_id,E,time,sequence,n
0,-14.566061765876094,5.665665665665665,"[6, 1, 11, 3, 15, 12, 13, 11, 6, 6, 19, 5, 10, 10, 0, 10, 3, 0, 16, 0]",1460
0,-15.550491948406467,5.115115115115115,"[16, 10, 11, 10, 19, 12, 6, 6, 16, 0, 16, 17, 5, 1, 11, 6, 7, 14, 16, 0]",4335
0,-13.60384793048464,5.625625625625625,"[13, 7, 0, 10, 16, 11, 13, 6, 3, 5, 14, 0, 2, 16, 19, 15, 12, 0, 7, 0]",1612
