ens_id,E,time,sequence,n
0,-13.5924922841246,5.815815815815816,"[14, 2, 0, 1, 4, 15, 6, 18, 6, 14, 9, 1, 10, 0, 19, 2, 5, 3, 7, 0]",1400
0,-14.817087893274564,5.315315315315315,"[14, 12, 0, 3, 9, 11, 16, 8, 12, 3, 6, 18, 18, 8, 11, 6, 11, 18, 3, 0]",3764
0,-13.764970975900953,5.795795795795796,"[2, 7, 0, 10, 15, 12, 7, 5, 12, 14, 8, 5, 18, 2, 0, 15, 1, 18, 2, 11]",1400
