ens_id,E,time,sequence
0,-13.790630997579758,5.565565565565565,"[19, 18, 11, 15, 19, 0, 5, 2, 11, 4, 7, 17, 19, 10, 0, 5, 1, 14, 2, 0]"
0,-13.74361493384814,5.8058058058058055,"[11, 19, 0, 3, 9, 1, 3, 0, 16, 14, 18, 5, 5, 7, 0, 6, 6, 10, 11, 0]"
