ens_id,E,time,sequence
0,-14.049990639977196,5.505505505505505,"[9, 15, 0, 14, 4, 18, 14, 5, 10, 9, 13, 7, 12, 8, 0, 15, 18, 17, 2, 19]"
0,-14.459394306253781,5.7057057057057055,"[13, 6, 0, 7, 15, 9, 3, 2, 12, 13, 14, 18, 5, 3, 0, 5, 4, 16, 3, 0]"
