ens_id,E,time,sequence,n
0,-16.145629317515564,4.554554554554555,"[13, 12, 19, 0, 19, 15, 18, 6, 3, 14, 11, 7, 4, 8, 0, 8, 4, 18, 11, 19]",8387
